Epoch,Global Step,Loss,NLL-Loss,Arc-Loss,Brc-Loss,Align-Loss
0,1600200,5221.9936,1043.5278,417.0471,717.2608,3044.1579
1,1600400,5095.5602,1020.8622,385.9451,642.2404,3046.5125
2,1600600,4952.9498,996.1214,368.9194,599.1738,2988.7353
3,1600800,4924.3473,1003.9909,347.0329,573.2184,3000.1053
4,1601000,4911.5281,985.8234,358.7893,575.4928,2991.4226
4,1601200,4840.009,980.7502,341.2329,545.6528,2972.3731
5,1601400,4763.6879,964.2792,324.3434,515.9596,2959.1057
6,1601600,4889.7613,987.6932,338.5414,544.0636,3019.4631
7,1601800,4805.4888,964.1072,332.2864,520.1329,2988.9623
7,1602000,4790.9287,971.7143,320.9239,507.7882,2990.5024
8,1602200,4756.9621,962.3157,315.9039,507.4786,2971.2638
9,1602400,4768.6919,959.7224,317.2252,497.2565,2994.4879
10,1602600,4733.7524,953.7445,316.8117,498.7201,2964.4761
11,1602800,4756.8661,956.1864,311.6876,495.5843,2993.4078
11,1603000,4613.1283,931.4789,296.223,476.6994,2908.727
12,1603200,4758.0534,955.1318,308.0169,490.1224,3004.7822
13,1603400,4620.0468,929.2603,295.1864,470.61,2924.9901
14,1603600,4656.4189,935.092,306.3868,476.9252,2938.0149
15,1603800,4715.7984,943.4174,305.7558,486.7953,2979.8299
15,1604000,4681.7619,939.3409,301.3362,476.9132,2964.1716
16,1604200,4703.8296,940.4055,303.089,470.513,2989.8221
17,1604400,4633.1991,926.1648,291.159,463.9757,2951.8994
18,1604600,4670.4379,936.8266,295.1414,471.5283,2966.9415
19,1604800,4608.8495,918.3536,293.9475,467.5024,2929.046
19,1605000,4674.3637,938.4538,298.0301,468.4168,2969.463
20,1605200,4656.0738,935.5461,285.546,461.0429,2973.9388
21,1605400,4683.5204,931.635,297.9713,473.2637,2980.6503
22,1605600,4608.7127,918.4336,290.7934,461.5648,2937.921
23,1605800,4602.4896,915.7639,288.8201,463.4666,2934.439
23,1606000,4643.7386,925.7965,293.3766,461.5194,2963.0462
24,1606200,4589.3544,914.7092,281.9988,449.0477,2943.5987
25,1606400,4627.841,913.9112,295.0946,460.0108,2958.8245
26,1606600,4508.8326,905.2603,276.8897,443.9778,2882.7048
27,1606800,4641.6718,918.8847,290.7807,460.1367,2971.8695
27,1607000,4617.0757,917.7485,286.3218,452.6111,2960.3943
28,1607200,4569.4599,909.9154,279.1634,448.3209,2932.0601
29,1607400,4625.6174,924.5085,285.8092,456.2276,2959.0721
30,1607600,4660.3483,921.581,287.7617,458.9547,2992.0508
31,1607800,4546.5457,899.964,284.7955,443.647,2918.1392
31,1608000,4560.7116,906.8423,278.9026,445.7213,2929.2455
32,1608200,4585.1089,904.3413,278.673,444.6854,2957.4093
33,1608400,4548.7737,910.2641,279.5157,446.4168,2912.5771
34,1608600,4562.8619,897.1453,286.3029,445.425,2933.9887
35,1608800,4603.9452,915.1774,279.131,444.1965,2965.4404
35,1609000,4569.7565,904.6263,277.4136,443.6489,2944.0677
36,1609200,4534.0277,895.9023,270.4114,435.6422,2932.0719
37,1609400,4566.9111,907.547,281.3974,444.1811,2933.7856
38,1609600,4551.9778,898.8739,277.4404,444.3895,2931.274
39,1609800,4502.7085,890.9542,273.9416,438.4145,2899.3981
39,1610000,4483.115,886.9533,272.182,432.7256,2891.2541
40,1610200,4550.0572,899.4025,275.5609,444.9869,2930.1069
41,1610400,4546.0755,900.5629,279.381,432.9028,2933.2288
42,1610600,4515.1267,891.6353,263.9856,433.0776,2926.4282
43,1610800,4573.5323,905.0699,275.9281,439.8911,2952.6432
43,1611000,4544.3908,894.5219,273.5782,433.5125,2942.7782
44,1611200,4471.1698,880.8674,275.2793,434.0268,2880.9963
45,1611400,4574.7872,906.8622,266.3257,427.0762,2974.5231
46,1611600,4500.3149,891.1997,273.9227,437.2035,2897.989
46,1611800,4578.3317,907.3059,272.6742,436.6457,2961.7058
47,1612000,4503.3318,888.8811,270.1155,432.4711,2911.8641
48,1612200,4576.3184,905.2102,271.9055,438.2771,2960.9257
49,1612400,4534.7452,892.6331,269.2775,428.6793,2944.1553
50,1612600,4517.8451,889.8826,272.2757,427.9624,2927.7244
50,1612800,4481.4148,883.8896,270.2982,430.4659,2896.761
51,1613000,4475.4652,879.9481,267.8081,426.0174,2901.6916
52,1613200,4550.1113,898.7843,271.8265,426.2666,2953.2339
53,1613400,4430.6687,869.1502,263.9325,419.7289,2877.8571
54,1613600,4508.5689,888.1313,267.6772,426.9447,2925.8158
54,1613800,4534.3908,893.4489,270.346,431.5728,2939.0231
55,1614000,4590.0784,901.4373,275.3296,438.0537,2975.2578
56,1614200,4467.8827,882.3,267.4549,422.9757,2895.152
57,1614400,4500.6118,883.8275,264.8174,424.6818,2927.2851
58,1614600,4409.3468,870.7104,260.4255,421.9289,2856.282
58,1614800,4470.1604,877.3563,265.4726,424.003,2903.3286
59,1615000,4602.7741,905.6425,273.5661,434.7191,2988.8464
60,1615200,4512.591,890.1388,262.1591,423.236,2937.0572
61,1615400,4563.8009,897.6583,270.8519,427.6428,2967.6478
62,1615600,4422.6642,872.7756,259.8439,415.8389,2874.2058
62,1615800,4530.708,890.4834,270.1816,428.2654,2941.7776
63,1616000,4473.8971,876.9395,264.2169,418.8185,2913.9222
64,1616200,4454.5191,885.5903,257.3545,419.1323,2892.442
65,1616400,4588.7,897.3145,276.1754,432.1395,2983.0706
66,1616600,4475.922,878.8123,258.8776,415.1435,2923.0886
66,1616800,4466.2907,877.4354,263.2129,422.575,2903.0674
67,1617000,4413.3794,870.9984,258.2989,412.5485,2871.5335
68,1617200,4533.3054,879.6556,261.0415,418.4155,2974.1928
69,1617400,4552.6498,898.2961,266.7777,428.6996,2958.8763
70,1617600,4400.6195,866.3535,260.314,420.3177,2853.6343
70,1617800,4448.7044,875.3359,263.9032,420.6017,2888.8635
71,1618000,4406.86,860.5311,257.2969,412.6933,2876.3388
72,1618200,4543.9326,891.5527,267.8556,421.5762,2962.948
73,1618400,4408.8575,876.2327,250.9164,403.4546,2878.2537
74,1618600,4479.3744,874.1703,263.6777,426.8259,2914.7005
74,1618800,4507.333,884.3258,268.213,422.6047,2932.1895
75,1619000,4476.3188,883.8742,250.7875,407.5031,2934.1539
76,1619200,4375.8249,855.1036,259.8975,414.8106,2846.0132
77,1619400,4478.3671,874.6911,264.267,418.3537,2921.0553
78,1619600,4498.5914,885.7145,259.9365,418.7835,2934.1569
78,1619800,4476.7295,878.6138,259.3657,412.081,2926.6689
79,1620000,4508.9032,889.5524,262.273,420.4048,2936.6729
80,1620200,4414.7613,865.0797,259.3749,412.0181,2878.2886
81,1620400,4523.8706,889.8976,256.7708,417.4821,2959.7202
82,1620600,4414.5596,867.9979,257.0019,408.5818,2880.978
82,1620800,4496.6123,886.0496,259.9025,418.4774,2932.1828
83,1621000,4392.7837,864.2518,255.4458,406.7327,2866.3535
84,1621200,4448.6931,867.7752,252.8855,411.0119,2917.0205
85,1621400,4497.5804,882.2599,257.9615,410.5427,2946.8163
86,1621600,4477.7217,879.2895,260.9583,418.3876,2919.0862
86,1621800,4453.8335,875.8853,256.0834,409.2022,2912.6626
87,1622000,4518.5505,885.051,263.8447,424.9998,2944.6549
88,1622200,4355.005,853.1765,249.5675,405.6803,2846.5807
89,1622400,4573.7382,899.0587,261.4205,417.1786,2996.0803
90,1622600,4465.1066,873.1432,256.0881,407.1382,2928.7372
90,1622800,4451.5026,871.6537,253.7219,408.0761,2918.0509
91,1623000,4365.9653,858.1549,250.767,405.6352,2851.4083
92,1623200,4473.3582,873.0251,262.643,414.7216,2922.9685
93,1623400,4516.5353,886.1224,256.0957,405.4031,2968.9142
93,1623600,4473.626,874.3826,258.6822,418.4537,2922.1074
94,1623800,4390.7884,863.1933,249.9225,399.5125,2878.1602
95,1624000,4486.7066,880.9746,257.8224,413.8118,2934.0978
96,1624200,4445.8172,866.615,260.0385,415.2476,2903.9161
97,1624400,4349.6487,851.1209,245.0062,395.3638,2858.1578
97,1624600,4471.5748,876.2795,257.6335,408.589,2929.0729
98,1624800,4427.8185,866.8674,254.262,409.6922,2896.9968
99,1625000,4408.2964,865.6543,247.4627,392.6616,2902.5178
100,1625200,4494.7027,878.286,258.2939,416.1011,2942.0218
101,1625400,4386.8995,857.1152,249.1133,399.2226,2881.4484
101,1625600,4384.6585,861.252,253.0025,405.0033,2865.4008
102,1625800,4385.5734,856.0619,249.3659,395.8832,2884.2625
103,1626000,4410.4307,857.7047,255.7601,412.0238,2884.9421
104,1626200,4374.9354,862.1316,243.5856,391.3991,2877.819
105,1626400,4468.9201,870.6476,256.5946,410.4166,2931.2612
105,1626600,4448.7113,868.3374,254.2853,407.8218,2918.2668
106,1626800,4411.9542,865.9591,250.9093,401.88,2893.2059
107,1627000,4398.4989,859.5483,249.907,404.0179,2885.0257
108,1627200,4418.9383,865.7899,251.4962,405.3304,2896.3219
109,1627400,4430.0604,868.6186,249.5569,399.787,2912.0979
109,1627600,4437.0949,864.896,254.5791,402.5139,2915.1059
110,1627800,4427.6974,867.3753,251.9866,399.8223,2908.5132
111,1628000,4453.4781,867.7489,255.54,411.6707,2918.5186
112,1628200,4325.6892,842.2065,243.4858,393.8848,2846.1122
113,1628400,4452.6455,874.5561,250.6823,402.8135,2924.5937
113,1628600,4452.3513,869.164,254.7507,404.0217,2924.4149
114,1628800,4466.8414,871.9846,255.3559,414.965,2924.5359
115,1629000,4436.628,862.8214,249.0265,392.3427,2932.4374
116,1629200,4442.544,874.3125,255.2115,406.8158,2906.2042
117,1629400,4397.1616,860.9876,244.506,395.3836,2896.2843
117,1629600,4393.1975,860.3188,250.9871,403.0286,2878.863
118,1629800,4381.4352,856.6565,244.2435,394.7332,2885.8021
119,1630000,4455.4907,866.203,254.41,406.2158,2928.6619
120,1630200,4462.5978,877.3997,254.0654,407.6217,2923.511
121,1630400,4450.2866,867.0429,251.5365,399.8474,2931.8598
121,1630600,4434.3834,866.1583,251.698,405.9393,2910.5878
122,1630800,4396.6727,859.0891,252.1325,403.0912,2882.3599
123,1631000,4350.2211,853.9399,235.8542,379.9938,2880.4332
124,1631200,4443.3365,866.7813,257.6657,412.8262,2906.0632
125,1631400,4378.6893,857.9635,243.3101,393.4423,2883.9735
125,1631600,4396.333,858.1181,247.6949,396.6447,2893.8753
126,1631800,4365.3209,856.2753,238.9257,386.7636,2883.3562
127,1632000,4460.8091,867.7514,252.3763,408.4472,2932.2343
128,1632200,4382.3834,854.211,248.1031,398.033,2882.0363
128,1632400,4414.7722,863.9083,249.9858,398.9921,2901.886
129,1632600,4335.6593,845.4756,240.0601,390.1975,2859.9261
130,1632800,4444.0976,864.8534,259.7994,405.761,2913.6838
131,1633000,4412.9392,858.7456,242.4137,394.7894,2916.9904
132,1633200,4391.1363,857.8048,246.7459,395.3174,2891.2682
132,1633400,4447.6627,871.8071,249.3152,400.0267,2926.5137
133,1633600,4328.9579,841.6975,242.4802,386.8407,2857.9394
134,1633800,4447.209,867.2177,252.9388,406.6244,2920.4282
135,1634000,4404.1991,859.9889,244.6436,390.9192,2908.6475
136,1634200,4395.0096,860.4555,245.6903,393.7026,2895.1613
136,1634400,4450.0448,866.9062,251.012,401.6338,2930.4928
137,1634600,4465.6559,869.5159,253.5089,409.5902,2933.0409
138,1634800,4328.1942,850.8116,233.65,378.3474,2865.3852
139,1635000,4366.6495,854.689,248.6746,395.9822,2867.3037
140,1635200,4410.7463,860.0608,243.8209,392.7109,2914.1537
140,1635400,4389.0115,856.0457,244.4101,390.9817,2897.574
141,1635600,4423.1575,858.3693,243.9213,392.1866,2928.6803
142,1635800,4324.4146,842.7633,248.1196,396.073,2837.4588
143,1636000,4393.6488,857.8079,242.6197,393.8494,2899.3718
144,1636200,4366.4271,854.3047,245.0155,387.6786,2879.4283
144,1636400,4396.4173,861.7773,242.6071,390.8779,2901.155
145,1636600,4320.9654,839.8323,243.7391,393.5356,2843.8584
146,1636800,4356.7431,851.2754,243.1884,388.0307,2874.2485
147,1637000,4419.0958,863.2733,241.476,392.2609,2922.0856
148,1637200,4418.2441,857.9478,250.2731,395.7369,2914.2863
148,1637400,4331.2269,847.8567,240.738,387.5366,2855.0956
149,1637600,4325.0263,847.9939,236.1768,381.9188,2858.9368
150,1637800,4413.8109,859.2764,251.0826,400.2049,2903.247
151,1638000,4328.1728,842.3429,242.9448,388.9095,2853.9756
152,1638200,4379.9026,851.7729,241.2439,385.7066,2901.1791
152,1638400,4393.2371,855.292,246.2845,393.5534,2898.1072
153,1638600,4389.7782,856.0913,246.3963,396.0353,2891.2553
154,1638800,4422.5631,859.4197,244.948,395.7701,2922.4253
155,1639000,4358.5318,855.1042,239.5714,388.0351,2875.8211
156,1639200,4418.8806,862.3628,244.476,390.7004,2921.3413
156,1639400,4334.1648,844.7044,241.113,385.9004,2862.447
157,1639600,4414.2249,859.629,248.2609,398.9018,2907.4331
158,1639800,4329.7683,844.3098,237.7946,385.9996,2861.6645
159,1640000,4352.0588,849.3067,239.9203,382.1279,2880.7039
160,1640200,4464.1648,868.9985,247.8328,400.3953,2946.9382
160,1640400,4352.6111,847.3378,241.2959,385.0762,2878.9012
161,1640600,4344.7932,849.4379,237.5626,381.5437,2876.249
162,1640800,4464.9264,867.1258,251.5341,401.1225,2945.144
163,1641000,4346.706,849.1508,237.5601,388.4144,2871.5806
164,1641200,4394.055,857.9924,243.2504,392.7323,2900.0799
164,1641400,4412.3294,857.47,243.7469,387.759,2923.3535
165,1641600,4331.2577,847.4564,232.4767,382.1534,2869.1713
166,1641800,4426.4587,863.0146,252.5015,398.0422,2912.9004
167,1642000,4376.3941,847.5734,239.8469,385.2734,2903.7004
167,1642200,4364.9582,847.945,241.3451,388.5182,2887.1499
168,1642400,4359.6375,847.9704,244.9607,390.104,2876.6023
169,1642600,4381.2638,858.4077,237.2669,381.9261,2903.6631
170,1642800,4397.7882,850.2092,247.0118,393.0003,2907.567
171,1643000,4380.1843,852.2764,236.1087,383.6194,2908.1798
171,1643200,4373.1924,856.2994,239.6038,388.7438,2888.5453
172,1643400,4385.2983,849.7459,245.1059,390.8482,2899.5983
173,1643600,4333.4972,845.7688,240.9683,382.9868,2863.7733
174,1643800,4377.5788,854.5606,236.4997,384.134,2902.3845
175,1644000,4435.3962,860.7474,244.593,393.2253,2936.8305
175,1644200,4361.2659,851.2752,241.5199,390.0044,2878.4664
176,1644400,4361.3959,851.2517,239.0379,383.1425,2887.9638
177,1644600,4299.2762,837.6754,234.336,383.2175,2844.0473
178,1644800,4334.9325,842.8013,235.8231,378.2099,2878.0982
179,1645000,4363.6391,849.8523,242.913,383.9542,2886.9196
179,1645200,4351.731,846.0868,236.5271,383.0378,2886.0794
180,1645400,4365.3055,848.8252,244.5005,388.8616,2883.1182
181,1645600,4278.411,831.7198,232.5965,375.9887,2838.106
182,1645800,4412.5981,861.9882,240.2089,393.4467,2916.9543
183,1646000,4452.1446,863.0637,240.8037,383.6766,2964.6007
183,1646200,4353.9793,851.6692,240.6347,387.0069,2874.6685
184,1646400,4390.054,853.5506,239.8539,386.373,2910.2765
185,1646600,4457.1779,873.6135,242.1095,396.0048,2945.4501
186,1646800,4299.6923,834.9671,234.9226,379.7174,2850.0852
187,1647000,4316.6883,839.7007,232.1199,376.338,2868.5298
187,1647200,4380.9213,852.3098,240.4306,384.6013,2903.5797
188,1647400,4339.058,845.9913,241.1962,388.1849,2863.6857
189,1647600,4356.8488,851.9651,232.969,379.3489,2892.5659
190,1647800,4372.308,853.0924,239.1504,382.8853,2897.18
191,1648000,4391.1299,851.7776,240.2703,390.5787,2908.5033
191,1648200,4358.9725,851.1682,236.4938,380.9174,2890.393
192,1648400,4405.9224,855.5965,240.9022,391.1817,2918.2421
193,1648600,4352.1833,846.0576,243.9201,382.8729,2879.3327
194,1648800,4263.5184,835.1049,226.6347,367.5541,2834.2247
195,1649000,4372.2825,852.0011,239.8166,390.5962,2889.8685
195,1649200,4329.6564,842.4079,237.245,381.5282,2868.4753
196,1649400,4384.3541,849.9055,238.7292,384.3965,2911.3228
197,1649600,4324.6659,841.2787,234.6556,372.195,2876.5366
198,1649800,4348.9642,848.5266,239.439,391.3186,2869.6801
199,1650000,4320.4654,842.5898,234.5938,375.4761,2867.8057
199,1650200,4427.724,859.9066,242.3975,389.0262,2936.3937
200,1650400,4268.2638,831.4871,232.3211,373.6988,2830.7568
201,1650600,4322.4246,838.8802,234.3127,375.595,2873.6366
202,1650800,4366.8895,853.7402,233.6132,380.6114,2898.9247
203,1651000,4340.5071,844.4687,235.0191,378.6527,2882.3667
203,1651200,4319.7675,838.9008,234.3225,379.3766,2867.1676
204,1651400,4360.5918,845.2857,242.4105,380.2384,2892.6573
205,1651600,4331.0535,847.7551,230.8415,375.3488,2877.1081
206,1651800,4429.4112,861.541,241.4223,394.5522,2931.8957
207,1652000,4393.5148,852.8309,240.3716,382.7225,2917.5898
207,1652200,4341.1592,841.4351,236.9941,380.058,2882.6719
208,1652400,4260.9514,828.2956,229.6217,369.845,2833.1892
209,1652600,4351.6297,848.3907,239.0211,383.1372,2881.0807
210,1652800,4302.7438,843.6012,229.8049,372.7312,2856.6066
211,1653000,4377.7569,846.3434,242.2411,387.6897,2901.4827
211,1653200,4297.9962,835.7904,233.516,377.6229,2851.0669
212,1653400,4402.1926,855.8074,241.0488,385.2263,2920.11
213,1653600,4421.4692,859.4613,239.7517,386.5238,2935.7323
214,1653800,4272.906,829.7923,229.9685,367.7893,2845.356
215,1654000,4379.7177,852.708,236.644,383.2024,2907.1634
215,1654200,4367.554,847.4415,236.2176,382.0356,2901.8594
216,1654400,4320.7824,841.3139,231.5504,370.4536,2877.4645
217,1654600,4265.8397,829.4515,229.7465,367.6755,2838.9662
218,1654800,4365.6959,852.071,239.0461,383.7783,2890.8005
219,1655000,4369.6159,847.881,237.3993,381.8737,2902.4619
219,1655200,4343.0087,843.878,233.9871,376.9062,2888.2375
220,1655400,4345.471,842.0262,233.1972,381.4973,2888.7502
221,1655600,4411.1712,859.5282,241.9126,385.635,2924.0955
222,1655800,4306.1241,836.3816,231.4201,368.5701,2869.7524
223,1656000,4349.5152,846.2152,236.7346,380.2367,2886.3286
223,1656200,4352.2569,842.8202,235.8553,378.6572,2894.9243
224,1656400,4297.4697,835.5739,230.1045,370.1201,2861.6711
225,1656600,4298.2481,840.7337,234.5209,368.3066,2854.6869
226,1656800,4401.1678,844.9605,239.438,383.8312,2932.938
226,1657000,4335.5464,845.4416,234.3157,376.6534,2879.1357
227,1657200,4380.5607,852.1802,238.1229,380.8594,2909.3982
228,1657400,4392.4041,859.2573,231.4969,379.0714,2922.5784
229,1657600,4343.2271,842.4067,235.803,377.8346,2887.1827
230,1657800,4324.6108,842.3824,229.5745,367.913,2884.741
231,1658000,4342.3036,841.7206,236.2071,380.9791,2883.3967
231,1658200,4259.7614,830.1264,228.0769,369.021,2832.5372
232,1658400,4388.1809,855.8296,236.3634,380.4788,2915.5091
233,1658600,4335.8848,840.8806,232.8453,372.4844,2889.6745
234,1658800,4276.2123,831.9893,229.17,376.0875,2838.9654
234,1659000,4297.4403,834.7995,227.3586,366.0034,2869.2787
235,1659200,4404.7192,852.004,238.9441,383.3216,2930.4494
236,1659400,4353.4509,847.6711,230.9748,371.3973,2903.4078
237,1659600,4285.4827,838.3527,230.4239,374.4853,2842.2208
238,1659800,4316.3501,839.0424,232.2584,373.2759,2871.7734
238,1660000,4391.9191,853.1498,234.4562,379.5081,2924.805
239,1660200,4343.9354,842.4032,231.5136,377.6017,2892.4169
240,1660400,4279.7007,836.0499,229.6421,365.2339,2848.7747
241,1660600,4346.1627,843.7773,232.8666,374.0594,2895.4594
242,1660800,4251.2426,833.3695,226.3802,368.4266,2823.0663
242,1661000,4359.0025,847.3455,233.338,375.8375,2902.4815
243,1661200,4297.0695,831.8351,233.5886,372.932,2858.7138
244,1661400,4318.5635,843.5977,229.0267,368.3272,2877.612
245,1661600,4321.4233,840.7414,232.9573,380.1472,2867.5774
246,1661800,4272.9275,829.4761,228.0767,364.1802,2851.1945
246,1662000,4315.0992,840.2976,227.3012,370.9843,2876.516
247,1662200,4321.7994,837.8972,232.3798,373.3507,2878.1716
248,1662400,4349.681,844.446,237.397,377.6606,2890.1775
249,1662600,4204.6904,817.8591,221.0488,354.1268,2811.6557
250,1662800,4369.3333,849.2303,232.582,376.0472,2911.4738
250,1663000,4268.7926,831.6733,227.5281,367.0232,2842.568
251,1663200,4396.0396,849.8268,234.0112,377.8461,2934.3555
252,1663400,4367.3832,850.1448,235.2057,375.5496,2906.4831
253,1663600,4282.301,831.9822,230.4883,368.8246,2851.0058
254,1663800,4320.8265,840.256,230.7605,371.9398,2877.8703
254,1664000,4357.7515,844.1792,232.0028,370.4137,2911.1558
255,1664200,4366.4545,848.7764,232.7617,376.464,2908.4523
256,1664400,4291.3622,829.9949,230.8969,368.3702,2862.1002
257,1664600,4345.3906,850.8514,227.5307,367.3806,2899.628
258,1664800,4259.3324,827.0763,226.0458,365.2523,2840.958
258,1665000,4302.2072,834.7152,226.9073,367.5997,2872.985
259,1665200,4290.2579,837.6172,230.2774,369.1589,2853.2044
260,1665400,4289.1992,834.2019,230.1105,371.1599,2853.7269
261,1665600,4323.8733,842.3501,227.6921,367.9957,2885.8354
262,1665800,4307.6286,837.9635,226.4201,367.3058,2875.9391
262,1666000,4314.5621,836.7337,232.6767,374.4813,2870.6704
263,1666200,4315.4504,843.5965,224.0407,362.9745,2884.8387
264,1666400,4313.1158,840.1793,230.2878,371.6554,2870.9934
265,1666600,4285.5835,827.7964,230.1742,362.9431,2864.6697
266,1666800,4379.167,850.0001,234.0022,375.1906,2919.9741
266,1667000,4297.124,837.9253,228.47,371.7102,2859.0186
267,1667200,4314.6709,835.9923,227.9419,369.4779,2881.2588
268,1667400,4360.4863,847.3181,234.0525,370.7998,2908.3159
269,1667600,4205.0103,821.1145,222.5135,357.9758,2803.4065
270,1667800,4398.7255,851.375,232.4071,371.6641,2943.2794
270,1668000,4357.4463,844.1619,233.8278,374.1313,2905.3253
271,1668200,4246.3354,824.7922,225.1012,362.7262,2833.7158
272,1668400,4286.6486,834.8059,224.7478,362.5595,2864.5354
273,1668600,4331.9466,839.4302,232.7717,373.2358,2886.5089
274,1668800,4291.3813,834.4204,227.3096,363.9921,2865.6593
274,1669000,4263.202,829.345,223.9245,359.8565,2850.076
275,1669200,4373.7245,853.1927,234.4025,374.867,2911.2623
276,1669400,4274.0082,825.8024,224.6778,361.1012,2862.4268
277,1669600,4259.0102,832.2346,222.653,360.5053,2843.6173
278,1669800,4305.4906,835.274,230.4183,368.0728,2871.7255
278,1670000,4344.1594,847.1197,226.9716,365.0645,2905.0036
279,1670200,4286.488,833.958,226.189,363.0114,2863.3297
280,1670400,4327.5397,841.9538,229.4917,367.971,2888.1232
281,1670600,4362.0015,845.8369,232.8842,372.6634,2910.617
281,1670800,4187.4579,811.0439,221.7518,355.2787,2799.3836
282,1671000,4272.6426,829.2277,224.7754,359.9719,2858.6676
283,1671200,4279.9264,832.7267,229.787,365.8843,2851.5284
284,1671400,4288.0629,832.521,222.7541,365.0939,2867.6939
285,1671600,4331.8843,841.8909,229.848,367.1775,2892.9679
285,1671800,4253.2406,828.1564,222.198,360.1389,2842.7473
286,1672000,4257.1947,827.5003,227.7777,363.6309,2838.2859
287,1672200,4312.4961,837.7947,219.6182,356.178,2898.9052
288,1672400,4281.311,835.1929,231.3858,368.2894,2846.443
289,1672600,4258.2022,824.6059,223.0844,358.7607,2851.7512
289,1672800,4324.2883,841.2762,227.1857,363.788,2892.0384
290,1673000,4333.2762,841.93,230.5088,369.1744,2891.663
291,1673200,4220.1413,822.8944,214.2468,350.9225,2832.0775
292,1673400,4326.4261,841.3582,232.5056,372.0134,2880.5489
293,1673600,4237.3209,825.3033,222.7022,355.2454,2834.0699
293,1673800,4305.058,838.418,224.8072,364.1114,2877.7213
294,1674000,4342.056,847.6687,225.3744,362.0696,2906.9433
295,1674200,4322.6046,832.1532,229.5731,372.344,2888.5343
296,1674400,4373.4733,850.466,233.3393,371.8907,2917.7772
297,1674600,4218.9559,820.0069,222.6679,357.363,2818.9181
297,1674800,4288.6354,830.7708,226.4332,363.0679,2868.3635
298,1675000,4302.8563,837.2476,226.1018,359.7968,2879.71
299,1675200,4189.199,817.5854,218.9465,359.9723,2792.6948
300,1675400,4299.7927,837.0846,229.2759,363.0707,2870.3616
301,1675600,4320.0162,837.4749,225.687,360.7348,2896.1195
301,1675800,4312.5845,838.5534,228.4466,367.2177,2878.3668
302,1676000,4287.4428,831.1,222.7254,361.1804,2872.437
303,1676200,4313.2203,839.2369,228.1818,363.749,2882.0525
304,1676400,4253.7836,823.8286,221.0885,354.1541,2854.7124
305,1676600,4320.3085,839.708,227.1545,363.7394,2889.7065
305,1676800,4293.2004,836.5726,225.6576,361.2438,2869.7264
306,1677000,4260.8483,834.8944,224.4776,358.8161,2842.6602
307,1677200,4263.6779,822.6214,221.0456,357.051,2862.9598
308,1677400,4240.1073,828.7332,221.1329,356.0342,2834.2071
309,1677600,4255.2136,824.1889,224.4573,356.7112,2849.8561
309,1677800,4277.3271,829.7684,221.9053,359.3142,2866.3392
310,1678000,4234.9035,826.5782,224.2845,361.9953,2822.0455
311,1678200,4321.9346,835.6409,228.4814,364.7145,2893.0978
312,1678400,4292.0728,839.4142,222.8429,362.6462,2867.1694
313,1678600,4335.2466,844.9949,223.8014,359.3589,2907.0914
313,1678800,4310.2801,838.958,227.204,363.2988,2880.8193
314,1679000,4272.4058,829.7249,228.7631,362.178,2851.7398
315,1679200,4349.7934,845.2061,229.3416,368.0071,2907.2386
316,1679400,4363.3941,846.6218,223.9619,359.4475,2933.363
317,1679600,4274.0649,835.8589,221.4565,357.7221,2859.0275
317,1679800,4281.7865,828.152,227.7851,366.7131,2859.1362
318,1680000,4267.4555,833.0208,223.3035,357.0468,2854.0844
319,1680200,4365.3862,847.3517,222.9003,359.5426,2935.5916
320,1680400,4278.1412,825.6936,229.7443,363.8025,2858.9008
321,1680600,4293.1584,838.1997,222.8623,357.2763,2874.82
321,1680800,4266.5044,830.1986,218.2686,352.6267,2865.4104
322,1681000,4248.7643,825.1553,227.9162,360.0707,2835.6222
323,1681200,4246.5157,821.6833,221.2967,359.8201,2843.7157
324,1681400,4323.2536,844.9767,224.308,360.1632,2893.8057
324,1681600,4271.9525,827.1601,222.7657,355.4735,2866.5532
325,1681800,4235.4359,826.033,221.2629,359.8493,2828.2907
326,1682000,4358.7785,848.2475,223.2494,358.1026,2929.1791
327,1682200,4233.169,820.0654,224.8602,361.0919,2827.1515
328,1682400,4376.3861,847.9441,230.438,368.6741,2929.3299
328,1682600,4262.4739,827.8973,222.0052,354.066,2858.5054
329,1682800,4320.8982,841.2509,223.4285,358.6069,2897.6119
330,1683000,4210.3283,814.1129,223.1116,355.0303,2818.0735
331,1683200,4301.0397,841.0801,220.8862,356.7467,2882.3268
332,1683400,4285.7483,832.5552,225.4741,361.8351,2865.8839
332,1683600,4312.9107,834.6802,226.2673,360.048,2891.9152
333,1683800,4305.8363,835.069,221.9433,362.4216,2886.4023
334,1684000,4207.768,818.4418,221.7106,352.1243,2815.4913
335,1684200,4262.807,830.4153,222.6953,356.2938,2853.4027
336,1684400,4308.4669,837.0859,222.5123,355.4617,2893.4071
336,1684600,4261.7491,829.3169,222.4599,359.0126,2850.9597
337,1684800,4283.0433,830.5826,223.7752,359.7696,2868.9159
338,1685000,4342.9091,851.9801,217.1726,352.8076,2920.9487
339,1685200,4228.0486,822.8208,226.9726,363.1748,2815.0805
340,1685400,4276.8395,829.1442,221.3349,353.6961,2872.6643
340,1685600,4248.0014,827.1301,222.6815,360.3345,2837.8554
341,1685800,4252.319,824.459,216.8398,349.531,2861.4893
342,1686000,4305.0233,841.0145,226.5057,363.3376,2874.1656
343,1686200,4209.9758,823.322,215.6614,347.1982,2823.7942
344,1686400,4281.4512,826.574,222.8536,357.7148,2874.3087
344,1686600,4258.1377,828.3758,224.1025,362.9059,2842.7535
345,1686800,4232.9065,822.9507,215.0454,347.4474,2847.463
346,1687000,4344.7906,848.9048,228.7226,367.0505,2900.1127
347,1687200,4267.3595,824.6751,223.3477,357.4627,2861.874
348,1687400,4336.0699,843.4216,223.2261,358.8035,2910.6188
348,1687600,4225.5726,825.494,215.2274,349.626,2835.2253
349,1687800,4296.3354,829.954,219.9317,349.5507,2896.8991
350,1688000,4282.823,828.9964,227.8186,365.0213,2860.9866
351,1688200,4285.8287,837.4765,220.9952,354.8532,2872.5037
352,1688400,4241.6535,823.6219,217.1103,349.1149,2851.8065
352,1688600,4235.2989,823.2423,219.6591,352.735,2839.6625
353,1688800,4302.1527,834.7814,227.3043,363.3514,2876.7156
354,1689000,4268.2107,832.4849,218.2158,352.3876,2865.1223
355,1689200,4298.4854,827.987,226.2566,357.4898,2886.7521
356,1689400,4270.743,831.0526,222.7643,355.9269,2860.9993
356,1689600,4258.1163,826.4677,219.615,352.7596,2859.2739
357,1689800,4307.4445,834.1098,225.3567,357.3577,2890.6203
358,1690000,4225.7719,823.48,213.6353,347.5508,2841.1058
359,1690200,4242.6024,823.5422,225.184,356.9573,2836.919
360,1690400,4349.8998,846.2875,222.7177,359.4227,2921.4718
360,1690600,4300.2564,832.7696,224.0593,360.1507,2883.2769
361,1690800,4250.9286,832.6024,214.2724,347.596,2856.4577
362,1691000,4290.1252,832.2016,222.8084,356.249,2878.8663
363,1691200,4212.4095,815.8492,217.9004,349.3883,2829.2716
364,1691400,4287.6,833.8748,223.4262,354.7471,2875.5519
364,1691600,4299.8978,835.5386,223.4292,360.8037,2880.1263
365,1691800,4262.1515,828.0194,220.2425,350.8632,2863.0265
366,1692000,4245.9743,822.7043,215.2039,348.9581,2859.108
367,1692200,4324.1993,836.3985,223.4814,357.0798,2907.2396
368,1692400,4279.1385,836.4972,220.6093,354.6376,2867.3944
368,1692600,4278.7989,829.3604,221.0597,352.3181,2876.0607
369,1692800,4281.7088,834.2131,218.5005,346.713,2882.2822
370,1693000,4228.5596,820.4668,221.9917,358.0311,2828.0699
371,1693200,4292.2077,840.5292,219.0859,358.6345,2873.9582
372,1693400,4320.4208,837.3294,224.5099,354.4052,2904.1762
372,1693600,4266.089,830.9416,219.6604,350.4521,2865.0347
373,1693800,4387.8702,846.9645,225.79,367.4653,2947.6504
374,1694000,4137.5188,806.0279,213.6632,341.9407,2775.887
375,1694200,4254.5069,828.1528,218.1713,347.4611,2860.7218
376,1694400,4318.2591,836.3609,222.9781,357.0234,2901.8967
376,1694600,4230.2815,817.3882,221.0616,354.3151,2837.5166
377,1694800,4292.5902,834.2333,221.2283,346.2438,2890.8848
378,1695000,4203.3437,822.8978,213.1571,345.4585,2821.8303
379,1695200,4287.6289,831.0527,220.5915,355.1339,2880.8508
380,1695400,4307.5501,835.0884,222.4777,360.5568,2889.4273
380,1695600,4233.0032,822.5724,218.792,352.6562,2838.9826
381,1695800,4226.7677,822.8552,215.0743,346.7585,2842.0797
382,1696000,4225.9527,817.2095,216.9051,351.546,2840.2921
383,1696200,4272.2571,832.9283,221.5717,349.749,2868.0081
383,1696400,4270.5972,831.398,218.7838,350.3091,2870.1063
384,1696600,4236.3154,821.3032,215.919,343.3747,2855.7185
385,1696800,4259.5538,830.2106,222.0679,358.3013,2848.9741
386,1697000,4155.8951,807.6336,211.2307,337.8691,2799.1618
387,1697200,4235.9061,823.6193,218.653,349.1017,2844.5321
387,1697400,4205.4356,814.3138,215.5966,346.3734,2829.1518
388,1697600,4250.5793,827.0155,217.9514,352.5934,2853.0191
389,1697800,4269.5824,830.1496,216.9917,344.6356,2877.8056
390,1698000,4206.9465,819.835,218.7549,349.9374,2818.4192
391,1698200,4232.2676,821.9773,214.3208,346.7586,2849.2108
391,1698400,4287.7041,833.9007,220.0491,353.92,2879.8343
392,1698600,4249.1934,830.1591,217.628,348.615,2852.7913
393,1698800,4279.3913,827.553,223.0435,357.4808,2871.314
394,1699000,4318.2693,839.0373,221.8898,354.0822,2903.2601
395,1699200,4273.6762,829.4938,217.3042,347.3538,2879.5245
395,1699400,4238.4616,826.1511,218.1529,348.8069,2845.3508
396,1699600,4255.9768,824.3298,219.193,346.9992,2865.4549
397,1699800,4240.8664,827.3598,213.1193,347.7435,2852.6438
398,1700000,4262.4109,824.006,223.5297,355.1113,2859.7639
399,1700200,4224.9416,823.7301,213.994,343.9507,2843.2669
399,1700400,4219.2718,817.5285,215.499,348.1866,2838.0577
400,1700600,4293.9318,834.2644,221.2442,359.909,2878.5142
401,1700800,4197.8443,819.4624,211.4789,339.3673,2827.5356
402,1701000,4212.6154,815.795,215.9704,342.8002,2838.0498
403,1701200,4264.067,827.7691,217.5635,348.8944,2869.8399
403,1701400,4192.3211,814.7976,215.8641,346.9241,2814.7353
404,1701600,4306.2087,834.1171,217.552,352.0586,2902.481
405,1701800,4266.8584,831.5503,222.8881,355.2419,2857.1781
406,1702000,4219.5814,820.5534,211.9058,338.7695,2848.3528
407,1702200,4266.9336,828.3587,219.2415,353.1487,2866.1847
407,1702400,4176.5468,815.2356,213.7684,341.859,2805.6839
408,1702600,4255.8187,827.7597,211.8342,341.7111,2874.5137
409,1702800,4293.0024,830.6854,223.6357,352.3572,2886.3242
410,1703000,4266.3343,827.9274,220.6049,356.4088,2861.3932
411,1703200,4159.6087,809.3349,210.5359,336.197,2803.5409
411,1703400,4252.3917,824.7778,221.3152,352.9282,2853.3704
412,1703600,4283.6957,834.9342,212.1681,338.9807,2897.6127
413,1703800,4277.0515,831.0425,217.8787,351.1823,2876.9479
414,1704000,4293.2942,829.86,222.3023,357.8568,2883.275
415,1704200,4288.2309,835.0877,218.158,350.238,2884.7472
415,1704400,4233.5401,820.7973,213.885,344.0901,2854.7677
416,1704600,4229.6945,819.2489,222.9441,352.7804,2834.7211
417,1704800,4196.185,825.1753,206.4774,334.9667,2829.5657
418,1705000,4274.7359,828.4765,220.7986,352.8049,2872.6559
418,1705200,4289.0161,831.1115,219.2689,349.5613,2889.0745
419,1705400,4188.6709,817.0354,213.1674,345.2169,2813.2513
420,1705600,4277.275,832.6075,219.0009,349.3291,2876.3375
421,1705800,4256.1596,825.4853,211.3928,340.4928,2878.7887
422,1706000,4280.1734,834.4492,220.6407,357.3797,2867.7038
422,1706200,4251.7432,824.1953,217.0594,346.4855,2864.0029
423,1706400,4233.2159,820.5812,214.17,346.6763,2851.7884
424,1706600,4281.5658,834.5763,222.3576,355.6154,2869.0165
425,1706800,4261.7701,825.9577,214.9892,339.9792,2880.844
426,1707000,4273.846,829.7574,219.7962,352.8201,2871.4724
426,1707200,4241.7236,828.7364,215.0467,345.8999,2852.0406
427,1707400,4203.2069,818.1136,216.0253,342.5036,2826.5644
428,1707600,4299.0292,832.2861,218.4508,351.8582,2896.4341
429,1707800,4196.1476,820.368,208.0724,338.1586,2829.5486
430,1708000,4267.9,823.5483,219.8178,350.6597,2873.8742
430,1708200,4231.6457,822.3811,216.3078,344.4174,2848.5394
431,1708400,4202.0831,817.91,211.7962,340.5665,2831.8105
432,1708600,4284.0634,829.5905,219.2796,345.2713,2889.922
433,1708800,4187.3708,818.0117,215.3098,350.8198,2803.2295
434,1709000,4240.1455,824.5791,208.3344,334.7384,2872.4936
434,1709200,4315.6246,840.8654,222.221,355.0371,2897.5011
435,1709400,4176.0129,810.6711,213.2519,341.8718,2810.2181
436,1709600,4207.4152,821.4499,208.8343,335.0467,2842.0843
437,1709800,4243.9266,818.0051,218.1238,345.162,2862.6357
438,1710000,4253.1476,831.0875,217.6042,350.4681,2853.9877
438,1710200,4285.8403,831.6601,219.4834,349.943,2884.7538
439,1710400,4185.8366,815.3738,206.9872,332.8841,2830.5915
440,1710600,4261.404,826.027,219.1964,352.4835,2863.6971
441,1710800,4224.9086,821.9521,213.4867,341.4792,2847.9906
442,1711000,4190.0435,815.4377,212.624,342.932,2819.0497
442,1711200,4206.6386,820.1187,209.2531,338.3342,2838.9326
443,1711400,4276.8249,828.1987,218.3948,349.5781,2880.6532
444,1711600,4219.6492,824.2257,214.19,349.623,2831.6105
445,1711800,4248.8636,822.0085,215.5585,339.2428,2872.0538
446,1712000,4260.7848,824.1995,217.3115,345.4967,2873.7771
446,1712200,4275.0837,828.0523,218.2094,348.9604,2879.8617
447,1712400,4241.8959,825.9563,216.0939,347.4873,2852.3583
448,1712600,4271.7477,835.022,212.6002,343.3404,2880.7851
449,1712800,4213.1075,815.7656,209.7081,341.9691,2845.6647
450,1713000,4208.738,819.0539,214.2933,342.2828,2833.1079
450,1713200,4216.7494,820.0113,214.8036,345.9294,2836.0052
451,1713400,4251.3269,826.1606,215.2305,342.4755,2867.4602
452,1713600,4209.9129,818.2756,215.2536,341.5907,2834.793
453,1713800,4279.1305,831.0745,216.2712,344.9203,2886.8645
454,1714000,4259.1933,829.7373,212.0894,342.0933,2875.2732
454,1714200,4230.1914,822.2998,215.5473,343.75,2848.5944
455,1714400,4296.1852,836.2848,215.1058,346.1875,2898.6071
456,1714600,4291.1357,829.4673,215.5156,345.8051,2900.3477
457,1714800,4191.0551,812.5661,215.2474,339.0902,2824.1514
458,1715000,4251.6216,828.9055,215.124,347.8035,2859.7885
458,1715200,4209.0271,818.5593,215.1165,344.7565,2830.5948
459,1715400,4248.3714,827.8812,211.6034,341.6009,2867.2859
460,1715600,4205.9541,824.0064,210.9081,342.6819,2828.3576
461,1715800,4203.953,815.7221,212.1312,337.7418,2838.3579
462,1716000,4300.6703,834.3208,217.6559,345.6605,2903.0331
462,1716200,4185.7637,810.5256,213.7878,337.8115,2823.6388
463,1716400,4248.6633,827.872,215.0883,348.6732,2857.0298
464,1716600,4219.0654,820.5259,211.3911,333.2573,2853.891
465,1716800,4187.414,819.1215,211.8296,341.8146,2814.6483
465,1717000,4266.754,828.7358,214.0311,344.0912,2879.8958
466,1717200,4265.7427,828.594,214.5766,342.0843,2880.4878
467,1717400,4231.1131,821.2455,217.9809,348.9536,2842.933
468,1717600,4286.0537,832.9198,213.9816,344.3381,2894.8143
469,1717800,4236.4308,828.1044,213.3511,337.7071,2857.2682
470,1718000,4271.2423,825.5158,215.7968,348.9606,2880.969
470,1718200,4168.4804,812.8464,211.0017,335.7245,2808.9077
471,1718400,4215.4924,822.6809,207.7116,338.0477,2847.0522
472,1718600,4318.188,836.7416,218.3666,354.5795,2908.5003
473,1718800,4241.113,822.0458,214.2445,337.7942,2867.0286
473,1719000,4231.6608,822.6647,215.0387,340.9364,2853.0211
474,1719200,4273.7104,830.898,215.023,346.4576,2881.3318
475,1719400,4172.4721,808.6205,210.2543,329.5999,2823.9974
476,1719600,4217.6288,818.9893,214.4585,341.2231,2842.9579
477,1719800,4273.8596,833.1327,212.0946,344.9691,2883.6631
477,1720000,4235.6697,825.1216,211.7914,338.5,2860.2568
478,1720200,4189.4177,815.1153,214.7721,336.5267,2823.0037
479,1720400,4205.3336,811.7087,209.0954,335.042,2849.4874
480,1720600,4234.2685,826.8117,208.8792,337.7655,2860.8122
481,1720800,4201.3713,812.5594,214.16,340.2654,2834.3865
481,1721000,4201.8386,815.9112,209.8751,335.7469,2840.3054
482,1721200,4249.0121,828.3726,214.4888,339.2631,2866.8876
483,1721400,4211.1087,822.2292,210.7839,336.1795,2841.916
484,1721600,4198.7647,812.4228,208.7815,335.009,2842.5514
485,1721800,4193.3267,813.7083,212.2717,337.3352,2830.0115
485,1722000,4308.7508,836.2813,217.933,349.3814,2905.1551
486,1722200,4213.7892,820.7866,211.9701,341.3905,2839.6419
487,1722400,4191.2667,818.011,209.8908,336.2596,2827.1052
488,1722600,4264.6565,828.1824,213.1237,337.2091,2886.1413
489,1722800,4230.7047,822.5154,212.7937,343.5136,2851.8821
489,1723000,4247.0617,828.2233,210.9937,339.0708,2868.7738
490,1723200,4243.2222,829.3343,209.0153,336.7316,2868.141
491,1723400,4250.4278,824.877,215.2235,343.9657,2866.3616
492,1723600,4218.6091,818.6249,212.0368,338.6893,2849.2581
493,1723800,4207.1767,816.8871,210.0112,338.6944,2841.5841
493,1724000,4209.0014,815.9983,213.6465,339.231,2840.1257
494,1724200,4278.3286,830.8082,215.3472,342.134,2890.0392
495,1724400,4144.363,813.1623,202.8625,327.093,2801.2452
496,1724600,4278.695,829.2169,216.9699,345.9933,2886.5149
497,1724800,4189.1516,818.1624,208.5337,335.1313,2827.3242
497,1725000,4199.4351,815.6771,209.5577,333.7103,2840.4899
498,1725200,4260.9373,831.5355,212.104,337.995,2879.3028
499,1725400,4177.4639,808.5808,212.0006,338.3362,2818.5462
500,1725600,4202.046,816.6233,211.3528,336.4708,2837.5991
501,1725800,4190.1958,814.2815,210.7644,338.5938,2826.5561
501,1726000,4220.2493,818.4183,214.0341,338.4236,2849.3734
502,1726200,4244.6089,829.4808,207.9943,337.35,2869.7839
503,1726400,4222.9413,817.8138,212.6413,338.8244,2853.6617
504,1726600,4214.3689,815.3544,214.1056,340.7301,2844.1788
505,1726800,4194.6933,820.2545,206.1377,332.7257,2835.5754
505,1727000,4246.8408,823.3149,216.425,345.512,2861.589
506,1727200,4200.3349,817.2288,205.7431,333.775,2843.5881
507,1727400,4224.4667,823.8222,210.0029,330.7419,2859.8998
508,1727600,4304.3028,837.0194,214.99,350.892,2901.4014
509,1727800,4226.3372,823.956,210.1629,336.1908,2856.0275
509,1728000,4248.0036,822.7845,213.7986,340.9914,2870.429
510,1728200,4166.7688,812.4336,206.5448,333.8994,2813.891
511,1728400,4278.6119,830.3464,214.122,339.9729,2894.1706
512,1728600,4110.8864,805.5326,202.3677,327.582,2775.404
513,1728800,4262.9622,821.2522,213.212,338.801,2889.697
513,1729000,4239.5889,824.9891,211.5289,337.0408,2866.0301
514,1729200,4227.8182,816.8594,215.1311,345.4667,2850.361
515,1729400,4141.9623,811.6007,199.6825,324.6608,2806.0183
516,1729600,4303.4823,835.2823,215.6701,344.2881,2908.2418
516,1729800,4196.5074,818.6087,205.9461,327.527,2844.4256
517,1730000,4185.1326,810.9532,208.9906,329.9201,2835.2687
518,1730200,4185.9304,818.1721,209.5471,339.5885,2818.6227
519,1730400,4119.7144,798.3798,209.3158,334.8135,2777.2054
520,1730600,4245.3137,825.7108,208.3918,337.1098,2874.1013
520,1730800,4230.0684,819.9227,212.713,340.8385,2856.5942
521,1731000,4156.4466,813.9887,203.1131,326.397,2812.9478
522,1731200,4255.0663,825.719,210.4885,333.8708,2884.988
523,1731400,4249.2775,826.4182,212.1991,341.7173,2868.943
524,1731600,4195.07,812.945,213.0078,341.2429,2827.8743
524,1731800,4234.4057,821.1101,210.7775,336.9576,2865.5605
525,1732000,4159.3531,813.5635,202.5323,328.3864,2814.8709
526,1732200,4195.1542,814.9326,210.904,332.5489,2836.7687
527,1732400,4265.5867,828.181,212.9075,343.5644,2880.9337
528,1732600,4167.0192,807.9975,209.1679,334.1687,2815.6851
528,1732800,4195.1992,818.2937,208.883,330.9833,2837.0392
529,1733000,4239.4142,823.123,212.3793,340.7859,2863.126
530,1733200,4249.5682,825.4135,210.6367,339.2231,2874.295
531,1733400,4131.7498,804.6771,207.1238,327.1738,2792.7751
532,1733600,4184.4766,816.4698,204.9584,334.2211,2828.8274
532,1733800,4195.8062,817.6242,211.0474,334.926,2832.2086
533,1734000,4264.9494,827.0788,211.5729,336.3949,2889.9028
534,1734200,4244.2833,826.9315,206.7813,337.6563,2872.9142
535,1734400,4290.4859,835.3691,218.5904,348.6738,2887.8527
536,1734600,4243.5531,828.0956,207.1049,330.0913,2878.2613
536,1734800,4199.8141,812.0499,210.0263,337.1674,2840.5705
537,1735000,4254.6983,829.1327,212.8763,342.3581,2870.3312
538,1735200,4193.4619,817.0927,205.9682,329.2376,2841.1634
539,1735400,4212.2777,816.4392,212.1152,338.6898,2845.0334
540,1735600,4219.3884,820.0141,206.2035,330.9173,2862.2536
540,1735800,4204.7603,816.1136,208.1285,332.4901,2848.0282
541,1736000,4213.3413,820.3506,207.3985,333.5163,2852.0759
542,1736200,4247.4432,824.7705,211.3767,330.3006,2880.9954
543,1736400,4207.397,821.0636,206.889,331.5976,2847.8469
544,1736600,4180.9521,814.4901,206.6688,330.5772,2829.216
544,1736800,4285.6698,834.9268,211.3741,339.9574,2899.4115
545,1737000,4139.7217,802.0607,206.6312,328.9247,2802.1051
546,1737200,4265.6473,832.1815,211.7082,337.3749,2884.3828
547,1737400,4229.4055,825.8568,205.9563,332.5817,2865.0107
548,1737600,4294.1409,831.9474,214.7313,342.0501,2905.4122
548,1737800,4145.1926,804.5113,201.5806,326.9467,2812.154
549,1738000,4215.1099,816.4479,210.5449,332.5316,2855.5855
550,1738200,4230.0179,822.3093,210.1735,336.9188,2860.6163
551,1738400,4167.8179,812.9768,211.5985,334.0202,2809.2223
552,1738600,4245.5715,823.3378,209.3775,337.5296,2875.3266
552,1738800,4232.5729,823.06,207.8284,334.9465,2866.738
553,1739000,4141.1917,803.8452,204.701,324.3027,2808.3428
554,1739200,4225.6985,827.4711,210.3464,336.3615,2851.5195
555,1739400,4183.9586,806.8351,212.2421,336.453,2828.4285
555,1739600,4183.9657,818.2032,202.8971,331.9055,2830.9598
556,1739800,4236.2766,826.3369,207.5922,335.6966,2866.6509
557,1740000,4187.2796,815.5628,208.7261,330.4494,2832.5414
558,1740200,4137.8295,808.0117,204.084,325.5195,2800.2143
559,1740400,4122.7325,802.4182,203.1684,323.674,2793.4718
559,1740600,4207.2313,816.5096,207.9045,332.7364,2850.0808
560,1740800,4225.8572,824.6742,211.2236,336.9791,2852.9803
561,1741000,4091.7824,795.1869,198.6685,320.0324,2777.8947
562,1741200,4213.0181,812.5339,213.2474,339.6439,2847.5929
563,1741400,4258.9024,831.4837,207.5648,334.3892,2885.4647
563,1741600,4180.5063,809.106,205.3523,325.1857,2840.8622
564,1741800,4142.0683,806.8671,207.8981,328.3392,2798.964
565,1742000,4206.0143,819.1726,204.782,331.3793,2850.6804
566,1742200,4283.0482,833.1916,210.4614,336.0195,2903.3757
567,1742400,4240.2189,821.4454,211.1325,332.5609,2875.08
567,1742600,4188.3874,817.4116,206.8725,332.1513,2831.9521
568,1742800,4254.1034,828.5711,207.8362,331.7866,2885.9095
569,1743000,4181.6223,811.102,212.5153,335.856,2822.149
570,1743200,4270.9598,835.1736,211.8607,343.3118,2880.6137
571,1743400,4224.5347,816.2313,208.0586,329.2597,2870.9852
571,1743600,4157.7339,813.8148,203.9686,327.6819,2812.2687
572,1743800,4225.4119,820.5029,207.7051,329.6419,2867.5619
573,1744000,4090.3282,796.3322,201.629,324.3985,2767.9685
574,1744200,4266.5462,825.9426,208.2854,335.0487,2897.2694
575,1744400,4102.0705,799.0288,202.762,322.9228,2777.357
575,1744600,4108.5548,801.4725,200.7949,322.1359,2784.1515
576,1744800,4218.9089,820.6408,208.9908,338.0338,2851.2435
577,1745000,4165.3881,811.4516,207.3981,328.6671,2817.8713
578,1745200,4226.0265,821.6431,205.9158,329.7476,2868.7201
579,1745400,4121.041,803.3474,203.696,324.3675,2789.6301
579,1745600,4162.1564,810.9398,207.6757,331.5284,2812.0125
580,1745800,4161.5366,806.5204,205.5341,326.2313,2823.2507
581,1746000,4256.2211,835.7407,208.0799,332.5779,2879.8227
582,1746200,4196.9197,814.8303,203.7055,329.9377,2848.4461
582,1746400,4151.9517,808.5294,203.4768,325.2349,2814.7105
583,1746600,4136.7203,806.6997,202.708,326.925,2800.3875
584,1746800,4236.5856,821.1001,211.6942,337.9764,2865.815
585,1747000,4267.1655,828.423,211.9132,334.6424,2892.1868
586,1747200,4157.3604,809.6636,202.4827,325.8562,2819.3579
586,1747400,4193.1279,815.4589,206.7732,327.8121,2843.0837
587,1747600,4137.413,808.1121,199.9591,321.3825,2807.9593
588,1747800,4230.2374,819.9799,209.3537,333.5566,2867.3471
589,1748000,4228.7052,825.8472,204.133,331.3584,2867.3666
590,1748200,4229.6747,821.7196,208.9684,331.3192,2867.6675
590,1748400,4206.0674,818.7964,207.3908,333.8372,2846.043
591,1748600,4149.6585,803.3923,201.1156,321.1483,2824.0023
592,1748800,4226.7734,824.6973,208.5549,334.8224,2858.6989
593,1749000,4172.2288,812.1418,204.6565,332.6542,2822.7763
594,1749200,4162.6068,810.5199,201.9951,323.3487,2826.7431
594,1749400,4186.0992,815.583,203.5691,325.3792,2841.568
595,1749600,4144.5314,807.3109,202.2703,321.0525,2813.8977
596,1749800,4223.0742,817.2344,211.1756,337.4042,2857.2599
597,1750000,4237.6122,828.9763,203.7711,326.3959,2878.469
598,1750200,4116.7705,799.9223,204.1916,326.8563,2785.8003
598,1750400,4204.9339,818.6709,205.7722,326.8861,2853.6047
599,1750600,4230.2139,821.7614,206.9118,332.6893,2868.8513
600,1750800,4215.5227,824.0351,208.5838,333.887,2849.0168
601,1751000,4193.604,810.3136,205.5642,324.7952,2852.931
602,1751200,4217.0418,824.8282,204.5311,328.253,2859.4296
602,1751400,4202.0717,818.3174,206.7789,328.7961,2848.1793
603,1751600,4140.1974,802.8684,205.4514,327.4422,2804.4353
604,1751800,4286.8524,834.2546,208.4443,334.9891,2909.1644
605,1752000,4124.6337,803.2948,201.9195,323.8459,2795.5736
606,1752200,4156.116,808.9207,206.4512,329.2031,2811.5409
606,1752400,4190.4994,819.0825,203.5566,325.5159,2842.3444
607,1752600,4161.3019,808.7359,205.8337,327.1563,2819.576
608,1752800,4292.5963,834.2107,207.5664,336.4083,2914.4109
609,1753000,4209.1181,817.8499,207.9223,327.8563,2855.4896
610,1753200,4134.2665,805.8017,199.616,321.6796,2807.1692
610,1753400,4233.1685,821.3393,209.4771,332.4533,2869.8989
611,1753600,4218.561,820.0045,207.6057,334.665,2856.2857
612,1753800,4199.4474,813.8536,203.3635,327.2443,2854.9859
613,1754000,4168.1174,816.8519,205.0311,326.6424,2819.5921
614,1754200,4201.8616,815.3566,205.2992,326.5122,2854.6936
614,1754400,4200.8861,819.4492,203.7947,325.5623,2852.0799
615,1754600,4093.084,797.9336,202.9611,324.7413,2767.4481
616,1754800,4251.3326,824.1803,207.1881,331.8524,2888.1117
617,1755000,4211.1414,823.3421,206.2205,328.5394,2853.0394
618,1755200,4218.5166,818.8255,207.3395,330.2739,2862.0776
618,1755400,4163.59,810.6085,202.3029,322.0051,2828.6735
619,1755600,4196.6003,816.9818,207.2746,332.5169,2839.8269
620,1755800,4184.598,811.2534,206.215,328.1421,2838.9874
621,1756000,4223.0962,822.57,207.0614,329.3427,2864.1221
621,1756200,4154.9766,806.1443,203.7263,323.8838,2821.2222
622,1756400,4187.3956,816.4428,203.7136,325.9705,2841.2687
623,1756600,4168.9189,812.244,203.1461,324.7316,2828.7973
624,1756800,4129.5541,802.9355,206.8493,326.8819,2792.8874
625,1757000,4153.5709,808.6592,202.0209,321.3965,2821.4944
625,1757200,4129.1474,801.7842,199.6245,317.3605,2810.3782
626,1757400,4195.4257,818.226,205.4981,329.9944,2841.7073
627,1757600,4188.7067,812.6676,203.4462,321.6944,2850.8984
628,1757800,4182.7782,813.8545,203.4722,327.8655,2837.5861
629,1758000,4252.4319,829.6812,206.1796,327.3657,2889.2053
629,1758200,4169.9104,813.844,202.7162,326.3775,2826.9727
630,1758400,4161.2557,812.2845,203.8175,324.7355,2820.4182
631,1758600,4212.1215,820.2587,204.0917,328.6469,2859.1242
632,1758800,4120.598,802.6862,200.1903,322.2773,2795.4441
633,1759000,4271.4274,832.8203,208.1338,328.2683,2902.205
633,1759200,4214.8313,818.672,209.3524,338.3916,2848.4154
634,1759400,4190.7879,817.8397,200.0306,321.0683,2851.8494
635,1759600,4157.2925,811.2241,203.1426,325.931,2816.9949
636,1759800,4128.0704,803.6923,200.8957,316.5253,2806.9571
637,1760000,4285.8368,830.1224,207.9364,335.2188,2912.5592
637,1760200,4134.103,807.3931,203.0791,323.479,2800.1519
638,1760400,4172.557,813.6291,205.9986,328.4659,2824.4634
639,1760600,4158.1854,808.6402,200.9165,317.6295,2830.9993
640,1760800,4106.4354,801.3733,201.4242,322.5043,2781.1336
641,1761000,4233.1813,820.6427,203.8474,325.3571,2883.334
641,1761200,4182.8694,813.7015,204.7215,325.9264,2838.52
642,1761400,4197.7376,814.8522,202.3271,321.8695,2858.6888
643,1761600,4174.1493,815.6649,200.5811,325.0003,2832.9029
644,1761800,4149.9288,811.3251,203.2562,323.158,2812.1895
645,1762000,4168.0752,811.7038,203.3993,321.3297,2831.6424
645,1762200,4142.0641,804.8299,199.6572,319.0518,2818.5253
646,1762400,4210.3397,818.7854,208.314,331.8074,2851.4329
647,1762600,4220.7038,818.4837,203.7163,324.0962,2874.4076
648,1762800,4205.2175,824.0243,201.4983,326.7276,2852.9672
649,1763000,4156.4921,806.6752,203.4815,323.2407,2823.0947
649,1763200,4194.2325,814.8722,205.7894,328.975,2844.596
650,1763400,4212.0315,822.384,204.4074,324.7723,2860.4678
651,1763600,4136.7937,799.7089,199.5918,320.7745,2816.7186
652,1763800,4192.2281,822.2245,200.9364,316.6788,2852.3884
653,1764000,4176.3877,813.8352,202.7969,327.1351,2832.6205
653,1764200,4185.3489,817.9303,203.2329,326.6043,2837.5815
654,1764400,4152.7218,806.4706,200.1438,313.7098,2832.3974
655,1764600,4273.371,828.1105,211.8542,336.5637,2896.8425
656,1764800,4139.7073,805.1742,201.3252,321.7046,2811.5033
657,1765000,4227.5642,824.9055,202.2066,323.5932,2876.8588
657,1765200,4138.9615,809.5666,196.9963,316.8929,2815.5057
658,1765400,4234.943,827.1068,207.1109,330.2954,2870.43
659,1765600,4214.9659,815.4121,206.5218,333.7027,2859.3292
660,1765800,4170.8365,814.2026,202.4047,321.5004,2832.7288
661,1766000,4265.688,832.4742,206.5716,329.3653,2897.2768
661,1766200,4199.0116,814.8448,204.5244,328.1922,2851.4502
662,1766400,4144.104,808.3359,200.6998,318.0808,2816.9876
663,1766600,4172.0169,812.3033,205.5644,326.8751,2827.2741
664,1766800,4130.8299,805.9458,197.2549,318.5874,2809.0419
664,1767000,4207.4956,817.1656,203.494,326.3875,2860.4484
665,1767200,4230.2885,821.9874,204.8216,327.7453,2875.7342
666,1767400,4086.5529,794.6292,197.3624,312.4202,2782.1412
667,1767600,4157.6847,810.8982,199.7154,323.5492,2823.5218
668,1767800,4208.5439,818.5669,204.7528,322.4025,2862.8217
668,1768000,4199.9435,817.4484,203.6192,325.5665,2853.3093
669,1768200,4233.2145,819.3971,205.4812,326.9254,2881.4108
670,1768400,4199.1461,820.0728,207.4875,332.772,2838.8138
671,1768600,4290.6047,832.0877,205.6146,326.4256,2926.4768
672,1768800,4179.502,816.8091,201.0603,321.3562,2840.2765
672,1769000,4160.3312,810.741,203.6599,323.9055,2822.0248
673,1769200,4119.1819,800.1556,198.3348,314.733,2805.9586
674,1769400,4189.1708,816.5861,203.7813,328.3487,2840.4546
675,1769600,4202.5187,820.7446,202.9018,325.3367,2853.5356
676,1769800,4178.925,817.4637,199.6595,315.0594,2846.7423
676,1770000,4191.0542,811.5398,205.9608,325.861,2847.6926
677,1770200,4130.9492,803.8225,199.4523,315.8799,2811.7946
678,1770400,4161.6287,808.6788,204.828,324.1125,2824.0094
679,1770600,4204.1834,816.8187,201.974,321.1019,2864.2887
680,1770800,4220.9647,823.3524,205.8091,327.1976,2864.6057
680,1771000,4170.7574,813.9133,201.624,316.6586,2838.5616
681,1771200,4228.3726,818.2232,205.0708,330.0947,2874.9839
682,1771400,4086.4384,800.2628,199.5086,319.0558,2767.6112
683,1771600,4168.3175,810.0709,199.3433,315.3069,2843.5965
684,1771800,4194.2662,814.767,204.9493,327.8061,2846.7438
684,1772000,4196.2078,817.8445,201.7875,321.6504,2854.9253
685,1772200,4147.0665,805.0651,203.1689,321.0316,2817.8008
686,1772400,4266.4639,832.8868,202.9868,329.2155,2901.3747
687,1772600,4197.8986,816.538,202.8922,319.3985,2859.07
688,1772800,4099.5174,802.5019,199.0645,317.4769,2780.4741
688,1773000,4196.0026,818.1386,201.1584,325.5307,2851.1748
689,1773200,4197.0918,814.1177,203.8637,322.4143,2856.6961
690,1773400,4209.767,826.0992,204.2134,323.4261,2856.0284
691,1773600,4219.7119,818.0183,206.5524,328.9699,2866.1713
692,1773800,4175.0763,811.115,201.3351,320.8899,2841.7363
692,1774000,4169.9531,812.4616,200.7788,319.4713,2837.2414
693,1774200,4168.1517,813.8995,202.5427,323.8476,2827.8618
694,1774400,4157.0546,810.8999,197.7404,316.4536,2831.9607
695,1774600,4210.6177,815.1899,204.7599,325.4606,2865.2073
696,1774800,4198.9149,819.9287,201.8284,321.1415,2856.0163
696,1775000,4150.4839,808.1923,198.5097,315.503,2828.2788
697,1775200,4169.5266,810.3045,202.5625,322.7772,2833.8825
698,1775400,4252.9677,830.0774,202.3182,322.8684,2897.7037
699,1775600,4109.1446,800.6058,197.882,311.4311,2799.2256
